img_path,class
C:\Users\Viraj Tambare\Downloads\Amit file\archive (1)\damaged-and-intact-packages\intact\packagingboxes270.webp,0
C:\Users\Viraj Tambare\Downloads\Amit file\archive (1)\damaged-and-intact-packages\intact\packagingboxes266.jpeg,0
C:\Users\Viraj Tambare\Downloads\Amit file\archive (1)\damaged-and-intact-packages\damaged\packagingboxesthataredamaged276.jpeg,1
C:\Users\Viraj Tambare\Downloads\Amit file\archive (1)\damaged-and-intact-packages\intact\fooditemboxes263.jpeg,0
C:\Users\Viraj Tambare\Downloads\Amit file\archive (1)\damaged-and-intact-packages\damaged\packagingboxesthataredamaged2.jpeg,1
C:\Users\Viraj Tambare\Downloads\Amit file\archive (1)\damaged-and-intact-packages\intact\packagingboxes0.jpeg,0
C:\Users\Viraj Tambare\Downloads\Amit file\archive (1)\damaged-and-intact-packages\damaged\damagedfoodpackagingbox93.jpeg,1
C:\Users\Viraj Tambare\Downloads\Amit file\archive (1)\damaged-and-intact-packages\damaged\packagingboxesthataredamaged155.jpeg,1
C:\Users\Viraj Tambare\Downloads\Amit file\archive (1)\damaged-and-intact-packages\intact\packagingboxes103.jpeg,0
C:\Users\Viraj Tambare\Downloads\Amit file\archive (1)\damaged-and-intact-packages\intact\medicinepackagingboxes286.jpeg,0
C:\Users\Viraj Tambare\Downloads\Amit file\archive (1)\damaged-and-intact-packages\intact\packagingboxes254.jpeg,0
C:\Users\Viraj Tambare\Downloads\Amit file\archive (1)\damaged-and-intact-packages\damaged\packagingboxeswithdamagesanddents26.jpeg,1
C:\Users\Viraj Tambare\Downloads\Amit file\archive (1)\damaged-and-intact-packages\damaged\packagingboxesthataredamaged213.jpeg,1
C:\Users\Viraj Tambare\Downloads\Amit file\archive (1)\damaged-and-intact-packages\intact\packagingboxes221.jpeg,0
C:\Users\Viraj Tambare\Downloads\Amit file\archive (1)\damaged-and-intact-packages\intact\packagingboxes150.jpeg,0
C:\Users\Viraj Tambare\Downloads\Amit file\archive (1)\damaged-and-intact-packages\damaged\damagedfoodpackagingbox234.jpeg,1
C:\Users\Viraj Tambare\Downloads\Amit file\archive (1)\damaged-and-intact-packages\intact\fooditemboxes8.jpeg,0
C:\Users\Viraj Tambare\Downloads\Amit file\archive (1)\damaged-and-intact-packages\intact\packagingboxes279.jpeg,0
C:\Users\Viraj Tambare\Downloads\Amit file\archive (1)\damaged-and-intact-packages\intact\fooditemboxes170.webp,0
C:\Users\Viraj Tambare\Downloads\Amit file\archive (1)\damaged-and-intact-packages\intact\medicinepackagingboxes53.jpeg,0
C:\Users\Viraj Tambare\Downloads\Amit file\archive (1)\damaged-and-intact-packages\intact\medicinepackagingboxes65.jpeg,0
C:\Users\Viraj Tambare\Downloads\Amit file\archive (1)\damaged-and-intact-packages\damaged\packagingboxeswithdamagesanddents9.jpeg,1
C:\Users\Viraj Tambare\Downloads\Amit file\archive (1)\damaged-and-intact-packages\damaged\packagingboxesthataredamaged295.jpeg,1
C:\Users\Viraj Tambare\Downloads\Amit file\archive (1)\damaged-and-intact-packages\intact\medicinepackagingboxes61.jpeg,0
C:\Users\Viraj Tambare\Downloads\Amit file\archive (1)\damaged-and-intact-packages\intact\fooditemboxes181.jpeg,0
C:\Users\Viraj Tambare\Downloads\Amit file\archive (1)\damaged-and-intact-packages\intact\medicinepackagingboxes202.jpeg,0
C:\Users\Viraj Tambare\Downloads\Amit file\archive (1)\damaged-and-intact-packages\damaged\packagingboxeswithdamagesanddents59.png,1
C:\Users\Viraj Tambare\Downloads\Amit file\archive (1)\damaged-and-intact-packages\intact\medicinepackagingboxes273.jpeg,0
C:\Users\Viraj Tambare\Downloads\Amit file\archive (1)\damaged-and-intact-packages\intact\fooditemboxes86.jpeg,0
C:\Users\Viraj Tambare\Downloads\Amit file\archive (1)\damaged-and-intact-packages\damaged\packagingboxesthataredamaged4.jpeg,1
C:\Users\Viraj Tambare\Downloads\Amit file\archive (1)\damaged-and-intact-packages\intact\fooditemboxes189.webp,0
C:\Users\Viraj Tambare\Downloads\Amit file\archive (1)\damaged-and-intact-packages\intact\medicinepackagingboxes124.jpeg,0
C:\Users\Viraj Tambare\Downloads\Amit file\archive (1)\damaged-and-intact-packages\damaged\damagedfoodpackagingbox176.jpeg,1
C:\Users\Viraj Tambare\Downloads\Amit file\archive (1)\damaged-and-intact-packages\damaged\packagingboxesthataredamaged219.jpeg,1
C:\Users\Viraj Tambare\Downloads\Amit file\archive (1)\damaged-and-intact-packages\damaged\packagingboxeswithdamagesanddents45.jpeg,1
C:\Users\Viraj Tambare\Downloads\Amit file\archive (1)\damaged-and-intact-packages\intact\packagingboxes98.jpeg,0
C:\Users\Viraj Tambare\Downloads\Amit file\archive (1)\damaged-and-intact-packages\damaged\packagingboxesthataredamaged252.jpeg,1
C:\Users\Viraj Tambare\Downloads\Amit file\archive (1)\damaged-and-intact-packages\intact\fooditemboxes112.webp,0
C:\Users\Viraj Tambare\Downloads\Amit file\archive (1)\damaged-and-intact-packages\damaged\packagingboxesthataredamaged43.jpeg,1
C:\Users\Viraj Tambare\Downloads\Amit file\archive (1)\damaged-and-intact-packages\intact\packagingboxes45.jpeg,0
C:\Users\Viraj Tambare\Downloads\Amit file\archive (1)\damaged-and-intact-packages\damaged\packagingboxesthataredamaged8.jpeg,1
C:\Users\Viraj Tambare\Downloads\Amit file\archive (1)\damaged-and-intact-packages\intact\medicinepackagingboxes231.jpeg,0
C:\Users\Viraj Tambare\Downloads\Amit file\archive (1)\damaged-and-intact-packages\intact\fooditemboxes104.jpeg,0
C:\Users\Viraj Tambare\Downloads\Amit file\archive (1)\damaged-and-intact-packages\intact\packagingboxes260.webp,0
C:\Users\Viraj Tambare\Downloads\Amit file\archive (1)\damaged-and-intact-packages\damaged\damagedfoodpackagingbox59.jpeg,1
C:\Users\Viraj Tambare\Downloads\Amit file\archive (1)\damaged-and-intact-packages\intact\packagingboxes253.jpeg,0
C:\Users\Viraj Tambare\Downloads\Amit file\archive (1)\damaged-and-intact-packages\intact\fooditemboxes241.jpeg,0
C:\Users\Viraj Tambare\Downloads\Amit file\archive (1)\damaged-and-intact-packages\intact\medicinepackagingboxes51.jpeg,0
C:\Users\Viraj Tambare\Downloads\Amit file\archive (1)\damaged-and-intact-packages\intact\medicinepackagingboxes3.jpeg,0
C:\Users\Viraj Tambare\Downloads\Amit file\archive (1)\damaged-and-intact-packages\damaged\damagedfoodpackagingbox203.jpeg,1
C:\Users\Viraj Tambare\Downloads\Amit file\archive (1)\damaged-and-intact-packages\damaged\damagedfoodpackagingbox4.jpeg,1
C:\Users\Viraj Tambare\Downloads\Amit file\archive (1)\damaged-and-intact-packages\intact\medicinepackagingboxes6.jpeg,0
C:\Users\Viraj Tambare\Downloads\Amit file\archive (1)\damaged-and-intact-packages\intact\medicinepackagingboxes106.jpeg,0
C:\Users\Viraj Tambare\Downloads\Amit file\archive (1)\damaged-and-intact-packages\intact\medicinepackagingboxes82.jpeg,0
C:\Users\Viraj Tambare\Downloads\Amit file\archive (1)\damaged-and-intact-packages\damaged\damagedfoodpackagingbox10.jpeg,1
C:\Users\Viraj Tambare\Downloads\Amit file\archive (1)\damaged-and-intact-packages\intact\medicinepackagingboxes243.jpeg,0
C:\Users\Viraj Tambare\Downloads\Amit file\archive (1)\damaged-and-intact-packages\damaged\packagingboxeswithdamagesanddents51.jpeg,1
C:\Users\Viraj Tambare\Downloads\Amit file\archive (1)\damaged-and-intact-packages\damaged\packagingboxesthataredamaged133.jpeg,1
C:\Users\Viraj Tambare\Downloads\Amit file\archive (1)\damaged-and-intact-packages\damaged\packagingboxesthataredamaged55.jpeg,1
C:\Users\Viraj Tambare\Downloads\Amit file\archive (1)\damaged-and-intact-packages\intact\packagingboxes290.jpeg,0
C:\Users\Viraj Tambare\Downloads\Amit file\archive (1)\damaged-and-intact-packages\damaged\packagingboxesthataredamaged16.jpeg,1
C:\Users\Viraj Tambare\Downloads\Amit file\archive (1)\damaged-and-intact-packages\intact\medicinepackagingboxes107.jpeg,0
C:\Users\Viraj Tambare\Downloads\Amit file\archive (1)\damaged-and-intact-packages\damaged\packagingboxeswithdamagesanddents76.webp,1
C:\Users\Viraj Tambare\Downloads\Amit file\archive (1)\damaged-and-intact-packages\intact\medicinepackagingboxes128.jpeg,0
C:\Users\Viraj Tambare\Downloads\Amit file\archive (1)\damaged-and-intact-packages\intact\medicinepackagingboxes233.webp,0
C:\Users\Viraj Tambare\Downloads\Amit file\archive (1)\damaged-and-intact-packages\damaged\packagingboxesthataredamaged36.jpeg,1
C:\Users\Viraj Tambare\Downloads\Amit file\archive (1)\damaged-and-intact-packages\intact\fooditemboxes19.jpeg,0
C:\Users\Viraj Tambare\Downloads\Amit file\archive (1)\damaged-and-intact-packages\damaged\damagedfoodpackagingbox123.jpeg,1
C:\Users\Viraj Tambare\Downloads\Amit file\archive (1)\damaged-and-intact-packages\intact\fooditemboxes255.jpeg,0
C:\Users\Viraj Tambare\Downloads\Amit file\archive (1)\damaged-and-intact-packages\damaged\packagingboxeswithdamagesanddents22.jpeg,1
C:\Users\Viraj Tambare\Downloads\Amit file\archive (1)\damaged-and-intact-packages\damaged\damagedfoodpackagingbox113.jpeg,1
C:\Users\Viraj Tambare\Downloads\Amit file\archive (1)\damaged-and-intact-packages\damaged\damagedfoodpackagingbox52.jpeg,1
C:\Users\Viraj Tambare\Downloads\Amit file\archive (1)\damaged-and-intact-packages\intact\fooditemboxes12.jpeg,0
C:\Users\Viraj Tambare\Downloads\Amit file\archive (1)\damaged-and-intact-packages\intact\medicinepackagingboxes264.jpeg,0
C:\Users\Viraj Tambare\Downloads\Amit file\archive (1)\damaged-and-intact-packages\intact\packagingboxes91.webp,0
C:\Users\Viraj Tambare\Downloads\Amit file\archive (1)\damaged-and-intact-packages\intact\packagingboxes249.jpeg,0
C:\Users\Viraj Tambare\Downloads\Amit file\archive (1)\damaged-and-intact-packages\damaged\packagingboxeswithdamagesanddents100.jpeg,1
C:\Users\Viraj Tambare\Downloads\Amit file\archive (1)\damaged-and-intact-packages\intact\packagingboxes227.jpeg,0
C:\Users\Viraj Tambare\Downloads\Amit file\archive (1)\damaged-and-intact-packages\intact\packagingboxes128.webp,0
C:\Users\Viraj Tambare\Downloads\Amit file\archive (1)\damaged-and-intact-packages\intact\medicinepackagingboxes105.jpeg,0
C:\Users\Viraj Tambare\Downloads\Amit file\archive (1)\damaged-and-intact-packages\damaged\packagingboxesthataredamaged162.jpeg,1
C:\Users\Viraj Tambare\Downloads\Amit file\archive (1)\damaged-and-intact-packages\intact\medicinepackagingboxes4.jpeg,0
C:\Users\Viraj Tambare\Downloads\Amit file\archive (1)\damaged-and-intact-packages\damaged\packagingboxesthataredamaged29.jpeg,1
C:\Users\Viraj Tambare\Downloads\Amit file\archive (1)\damaged-and-intact-packages\intact\medicinepackagingboxes249.jpeg,0
C:\Users\Viraj Tambare\Downloads\Amit file\archive (1)\damaged-and-intact-packages\intact\packagingboxes265.jpeg,0
C:\Users\Viraj Tambare\Downloads\Amit file\archive (1)\damaged-and-intact-packages\damaged\packagingboxesthataredamaged70.png,1
C:\Users\Viraj Tambare\Downloads\Amit file\archive (1)\damaged-and-intact-packages\intact\fooditemboxes66.jpeg,0
C:\Users\Viraj Tambare\Downloads\Amit file\archive (1)\damaged-and-intact-packages\intact\packagingboxes216.jpeg,0
C:\Users\Viraj Tambare\Downloads\Amit file\archive (1)\damaged-and-intact-packages\damaged\packagingboxesthataredamaged1.jpeg,1
C:\Users\Viraj Tambare\Downloads\Amit file\archive (1)\damaged-and-intact-packages\intact\packagingboxes236.png,0
C:\Users\Viraj Tambare\Downloads\Amit file\archive (1)\damaged-and-intact-packages\intact\medicinepackagingboxes171.jpeg,0
C:\Users\Viraj Tambare\Downloads\Amit file\archive (1)\damaged-and-intact-packages\damaged\damagedfoodpackagingbox53.jpeg,1
C:\Users\Viraj Tambare\Downloads\Amit file\archive (1)\damaged-and-intact-packages\intact\fooditemboxes140.jpeg,0
C:\Users\Viraj Tambare\Downloads\Amit file\archive (1)\damaged-and-intact-packages\intact\medicinepackagingboxes191.jpeg,0
C:\Users\Viraj Tambare\Downloads\Amit file\archive (1)\damaged-and-intact-packages\damaged\damagedfoodpackagingbox73.png,1
C:\Users\Viraj Tambare\Downloads\Amit file\archive (1)\damaged-and-intact-packages\damaged\damagedfoodpackagingbox20.jpeg,1
C:\Users\Viraj Tambare\Downloads\Amit file\archive (1)\damaged-and-intact-packages\damaged\packagingboxeswithdamagesanddents19.jpeg,1
C:\Users\Viraj Tambare\Downloads\Amit file\archive (1)\damaged-and-intact-packages\damaged\packagingboxesthataredamaged3.jpeg,1
C:\Users\Viraj Tambare\Downloads\Amit file\archive (1)\damaged-and-intact-packages\intact\packagingboxes85.jpeg,0
C:\Users\Viraj Tambare\Downloads\Amit file\archive (1)\damaged-and-intact-packages\damaged\packagingboxesthataredamaged41.jpeg,1
C:\Users\Viraj Tambare\Downloads\Amit file\archive (1)\damaged-and-intact-packages\damaged\packagingboxesthataredamaged127.jpeg,1
C:\Users\Viraj Tambare\Downloads\Amit file\archive (1)\damaged-and-intact-packages\damaged\packagingboxeswithdamagesanddents53.jpeg,1
C:\Users\Viraj Tambare\Downloads\Amit file\archive (1)\damaged-and-intact-packages\intact\medicinepackagingboxes5.jpeg,0
C:\Users\Viraj Tambare\Downloads\Amit file\archive (1)\damaged-and-intact-packages\damaged\packagingboxesthataredamaged93.jpeg,1
C:\Users\Viraj Tambare\Downloads\Amit file\archive (1)\damaged-and-intact-packages\damaged\damagedfoodpackagingbox244.jpeg,1
C:\Users\Viraj Tambare\Downloads\Amit file\archive (1)\damaged-and-intact-packages\intact\fooditemboxes83.png,0
C:\Users\Viraj Tambare\Downloads\Amit file\archive (1)\damaged-and-intact-packages\damaged\packagingboxesthataredamaged211.jpeg,1
C:\Users\Viraj Tambare\Downloads\Amit file\archive (1)\damaged-and-intact-packages\intact\medicinepackagingboxes159.jpeg,0
C:\Users\Viraj Tambare\Downloads\Amit file\archive (1)\damaged-and-intact-packages\intact\fooditemboxes88.jpeg,0
C:\Users\Viraj Tambare\Downloads\Amit file\archive (1)\damaged-and-intact-packages\damaged\packagingboxeswithdamagesanddents18.jpeg,1
C:\Users\Viraj Tambare\Downloads\Amit file\archive (1)\damaged-and-intact-packages\intact\medicinepackagingboxes137.jpeg,0
C:\Users\Viraj Tambare\Downloads\Amit file\archive (1)\damaged-and-intact-packages\damaged\damagedfoodpackagingbox31.png,1
C:\Users\Viraj Tambare\Downloads\Amit file\archive (1)\damaged-and-intact-packages\intact\packagingboxes262.jpeg,0
C:\Users\Viraj Tambare\Downloads\Amit file\archive (1)\damaged-and-intact-packages\damaged\packagingboxesthataredamaged7.jpeg,1
C:\Users\Viraj Tambare\Downloads\Amit file\archive (1)\damaged-and-intact-packages\intact\packagingboxes151.png,0
C:\Users\Viraj Tambare\Downloads\Amit file\archive (1)\damaged-and-intact-packages\intact\packagingboxes147.jpeg,0
C:\Users\Viraj Tambare\Downloads\Amit file\archive (1)\damaged-and-intact-packages\intact\medicinepackagingboxes207.jpeg,0
C:\Users\Viraj Tambare\Downloads\Amit file\archive (1)\damaged-and-intact-packages\intact\medicinepackagingboxes146.jpeg,0
C:\Users\Viraj Tambare\Downloads\Amit file\archive (1)\damaged-and-intact-packages\intact\fooditemboxes139.jpeg,0
C:\Users\Viraj Tambare\Downloads\Amit file\archive (1)\damaged-and-intact-packages\damaged\damagedfoodpackagingbox182.jpeg,1
C:\Users\Viraj Tambare\Downloads\Amit file\archive (1)\damaged-and-intact-packages\intact\medicinepackagingboxes186.jpeg,0
C:\Users\Viraj Tambare\Downloads\Amit file\archive (1)\damaged-and-intact-packages\damaged\damagedfoodpackagingbox278.jpeg,1
C:\Users\Viraj Tambare\Downloads\Amit file\archive (1)\damaged-and-intact-packages\intact\packagingboxes209.jpeg,0
C:\Users\Viraj Tambare\Downloads\Amit file\archive (1)\damaged-and-intact-packages\intact\packagingboxes2.jpeg,0
C:\Users\Viraj Tambare\Downloads\Amit file\archive (1)\damaged-and-intact-packages\intact\fooditemboxes23.jpeg,0
C:\Users\Viraj Tambare\Downloads\Amit file\archive (1)\damaged-and-intact-packages\intact\fooditemboxes174.jpeg,0
C:\Users\Viraj Tambare\Downloads\Amit file\archive (1)\damaged-and-intact-packages\damaged\packagingboxesthataredamaged73.jpeg,1
C:\Users\Viraj Tambare\Downloads\Amit file\archive (1)\damaged-and-intact-packages\damaged\damagedfoodpackagingbox283.jpeg,1
C:\Users\Viraj Tambare\Downloads\Amit file\archive (1)\damaged-and-intact-packages\damaged\packagingboxesthataredamaged185.jpeg,1
C:\Users\Viraj Tambare\Downloads\Amit file\archive (1)\damaged-and-intact-packages\damaged\damagedfoodpackagingbox266.png,1
C:\Users\Viraj Tambare\Downloads\Amit file\archive (1)\damaged-and-intact-packages\damaged\packagingboxeswithdamagesanddents24.jpeg,1
C:\Users\Viraj Tambare\Downloads\Amit file\archive (1)\damaged-and-intact-packages\intact\packagingboxes255.jpeg,0
C:\Users\Viraj Tambare\Downloads\Amit file\archive (1)\damaged-and-intact-packages\intact\fooditemboxes20.jpeg,0
C:\Users\Viraj Tambare\Downloads\Amit file\archive (1)\damaged-and-intact-packages\intact\medicinepackagingboxes26.jpeg,0
C:\Users\Viraj Tambare\Downloads\Amit file\archive (1)\damaged-and-intact-packages\intact\medicinepackagingboxes13.jpeg,0
C:\Users\Viraj Tambare\Downloads\Amit file\archive (1)\damaged-and-intact-packages\damaged\packagingboxesthataredamaged32.jpeg,1
C:\Users\Viraj Tambare\Downloads\Amit file\archive (1)\damaged-and-intact-packages\damaged\damagedfoodpackagingbox288.jpeg,1
C:\Users\Viraj Tambare\Downloads\Amit file\archive (1)\damaged-and-intact-packages\damaged\packagingboxeswithdamagesanddents8.jpeg,1
C:\Users\Viraj Tambare\Downloads\Amit file\archive (1)\damaged-and-intact-packages\damaged\packagingboxesthataredamaged147.jpeg,1
C:\Users\Viraj Tambare\Downloads\Amit file\archive (1)\damaged-and-intact-packages\intact\medicinepackagingboxes68.jpeg,0
C:\Users\Viraj Tambare\Downloads\Amit file\archive (1)\damaged-and-intact-packages\intact\medicinepackagingboxes200.jpeg,0
C:\Users\Viraj Tambare\Downloads\Amit file\archive (1)\damaged-and-intact-packages\damaged\packagingboxeswithdamagesanddents60.png,1
C:\Users\Viraj Tambare\Downloads\Amit file\archive (1)\damaged-and-intact-packages\damaged\packagingboxesthataredamaged136.jpeg,1
C:\Users\Viraj Tambare\Downloads\Amit file\archive (1)\damaged-and-intact-packages\damaged\packagingboxesthataredamaged65.jpeg,1
C:\Users\Viraj Tambare\Downloads\Amit file\archive (1)\damaged-and-intact-packages\intact\medicinepackagingboxes142.jpeg,0
C:\Users\Viraj Tambare\Downloads\Amit file\archive (1)\damaged-and-intact-packages\damaged\packagingboxesthataredamaged98.jpeg,1
C:\Users\Viraj Tambare\Downloads\Amit file\archive (1)\damaged-and-intact-packages\damaged\packagingboxesthataredamaged233.jpeg,1
C:\Users\Viraj Tambare\Downloads\Amit file\archive (1)\damaged-and-intact-packages\intact\fooditemboxes60.jpeg,0
C:\Users\Viraj Tambare\Downloads\Amit file\archive (1)\damaged-and-intact-packages\intact\fooditemboxes145.png,0
C:\Users\Viraj Tambare\Downloads\Amit file\archive (1)\damaged-and-intact-packages\damaged\packagingboxesthataredamaged60.jpeg,1
C:\Users\Viraj Tambare\Downloads\Amit file\archive (1)\damaged-and-intact-packages\intact\medicinepackagingboxes219.jpeg,0
C:\Users\Viraj Tambare\Downloads\Amit file\archive (1)\damaged-and-intact-packages\damaged\packagingboxesthataredamaged38.jpeg,1
C:\Users\Viraj Tambare\Downloads\Amit file\archive (1)\damaged-and-intact-packages\intact\medicinepackagingboxes139.jpeg,0
C:\Users\Viraj Tambare\Downloads\Amit file\archive (1)\damaged-and-intact-packages\intact\medicinepackagingboxes164.jpeg,0
C:\Users\Viraj Tambare\Downloads\Amit file\archive (1)\damaged-and-intact-packages\intact\fooditemboxes124.jpeg,0
C:\Users\Viraj Tambare\Downloads\Amit file\archive (1)\damaged-and-intact-packages\intact\fooditemboxes246.jpeg,0
C:\Users\Viraj Tambare\Downloads\Amit file\archive (1)\damaged-and-intact-packages\damaged\packagingboxeswithdamagesanddents75.jpeg,1
C:\Users\Viraj Tambare\Downloads\Amit file\archive (1)\damaged-and-intact-packages\intact\medicinepackagingboxes205.jpeg,0
C:\Users\Viraj Tambare\Downloads\Amit file\archive (1)\damaged-and-intact-packages\damaged\packagingboxesthataredamaged110.webp,1
C:\Users\Viraj Tambare\Downloads\Amit file\archive (1)\damaged-and-intact-packages\intact\medicinepackagingboxes37.jpeg,0
C:\Users\Viraj Tambare\Downloads\Amit file\archive (1)\damaged-and-intact-packages\intact\fooditemboxes64.jpeg,0
C:\Users\Viraj Tambare\Downloads\Amit file\archive (1)\damaged-and-intact-packages\intact\medicinepackagingboxes87.jpeg,0
C:\Users\Viraj Tambare\Downloads\Amit file\archive (1)\damaged-and-intact-packages\damaged\packagingboxesthataredamaged105.jpeg,1
C:\Users\Viraj Tambare\Downloads\Amit file\archive (1)\damaged-and-intact-packages\damaged\packagingboxesthataredamaged118.jpeg,1
C:\Users\Viraj Tambare\Downloads\Amit file\archive (1)\damaged-and-intact-packages\damaged\packagingboxesthataredamaged225.jpeg,1
C:\Users\Viraj Tambare\Downloads\Amit file\archive (1)\damaged-and-intact-packages\damaged\packagingboxesthataredamaged234.jpeg,1
C:\Users\Viraj Tambare\Downloads\Amit file\archive (1)\damaged-and-intact-packages\intact\fooditemboxes18.jpeg,0
C:\Users\Viraj Tambare\Downloads\Amit file\archive (1)\damaged-and-intact-packages\intact\medicinepackagingboxes7.png,0
C:\Users\Viraj Tambare\Downloads\Amit file\archive (1)\damaged-and-intact-packages\intact\packagingboxes32.jpeg,0
C:\Users\Viraj Tambare\Downloads\Amit file\archive (1)\damaged-and-intact-packages\intact\packagingboxes164.jpeg,0
C:\Users\Viraj Tambare\Downloads\Amit file\archive (1)\damaged-and-intact-packages\damaged\packagingboxesthataredamaged217.jpeg,1
C:\Users\Viraj Tambare\Downloads\Amit file\archive (1)\damaged-and-intact-packages\damaged\packagingboxesthataredamaged0.jpeg,1
C:\Users\Viraj Tambare\Downloads\Amit file\archive (1)\damaged-and-intact-packages\intact\medicinepackagingboxes289.jpeg,0
C:\Users\Viraj Tambare\Downloads\Amit file\archive (1)\damaged-and-intact-packages\intact\medicinepackagingboxes92.jpeg,0
C:\Users\Viraj Tambare\Downloads\Amit file\archive (1)\damaged-and-intact-packages\damaged\packagingboxeswithdamagesanddents80.jpeg,1
C:\Users\Viraj Tambare\Downloads\Amit file\archive (1)\damaged-and-intact-packages\intact\medicinepackagingboxes275.jpeg,0
C:\Users\Viraj Tambare\Downloads\Amit file\archive (1)\damaged-and-intact-packages\damaged\packagingboxesthataredamaged102.jpeg,1
C:\Users\Viraj Tambare\Downloads\Amit file\archive (1)\damaged-and-intact-packages\damaged\packagingboxesthataredamaged249.png,1
C:\Users\Viraj Tambare\Downloads\Amit file\archive (1)\damaged-and-intact-packages\intact\medicinepackagingboxes1.jpeg,0
C:\Users\Viraj Tambare\Downloads\Amit file\archive (1)\damaged-and-intact-packages\intact\fooditemboxes113.webp,0
C:\Users\Viraj Tambare\Downloads\Amit file\archive (1)\damaged-and-intact-packages\intact\fooditemboxes278.webp,0
C:\Users\Viraj Tambare\Downloads\Amit file\archive (1)\damaged-and-intact-packages\intact\packagingboxes240.jpeg,0
C:\Users\Viraj Tambare\Downloads\Amit file\archive (1)\damaged-and-intact-packages\intact\fooditemboxes194.jpeg,0
C:\Users\Viraj Tambare\Downloads\Amit file\archive (1)\damaged-and-intact-packages\damaged\packagingboxesthataredamaged120.jpeg,1
C:\Users\Viraj Tambare\Downloads\Amit file\archive (1)\damaged-and-intact-packages\intact\fooditemboxes232.jpeg,0
C:\Users\Viraj Tambare\Downloads\Amit file\archive (1)\damaged-and-intact-packages\damaged\packagingboxesthataredamaged34.jpeg,1
C:\Users\Viraj Tambare\Downloads\Amit file\archive (1)\damaged-and-intact-packages\intact\medicinepackagingboxes295.jpeg,0
C:\Users\Viraj Tambare\Downloads\Amit file\archive (1)\damaged-and-intact-packages\intact\fooditemboxes50.jpeg,0
C:\Users\Viraj Tambare\Downloads\Amit file\archive (1)\damaged-and-intact-packages\damaged\packagingboxesthataredamaged188.png,1
C:\Users\Viraj Tambare\Downloads\Amit file\archive (1)\damaged-and-intact-packages\damaged\packagingboxesthataredamaged227.jpeg,1
C:\Users\Viraj Tambare\Downloads\Amit file\archive (1)\damaged-and-intact-packages\damaged\packagingboxesthataredamaged33.jpeg,1
C:\Users\Viraj Tambare\Downloads\Amit file\archive (1)\damaged-and-intact-packages\damaged\packagingboxesthataredamaged151.jpeg,1
C:\Users\Viraj Tambare\Downloads\Amit file\archive (1)\damaged-and-intact-packages\damaged\damagedfoodpackagingbox84.jpeg,1
C:\Users\Viraj Tambare\Downloads\Amit file\archive (1)\damaged-and-intact-packages\intact\medicinepackagingboxes30.jpeg,0
C:\Users\Viraj Tambare\Downloads\Amit file\archive (1)\damaged-and-intact-packages\intact\medicinepackagingboxes297.jpeg,0
C:\Users\Viraj Tambare\Downloads\Amit file\archive (1)\damaged-and-intact-packages\damaged\packagingboxesthataredamaged294.jpeg,1
C:\Users\Viraj Tambare\Downloads\Amit file\archive (1)\damaged-and-intact-packages\damaged\packagingboxesthataredamaged169.png,1
C:\Users\Viraj Tambare\Downloads\Amit file\archive (1)\damaged-and-intact-packages\intact\medicinepackagingboxes70.jpeg,0
C:\Users\Viraj Tambare\Downloads\Amit file\archive (1)\damaged-and-intact-packages\intact\medicinepackagingboxes23.jpeg,0
C:\Users\Viraj Tambare\Downloads\Amit file\archive (1)\damaged-and-intact-packages\damaged\packagingboxesthataredamaged97.jpeg,1
C:\Users\Viraj Tambare\Downloads\Amit file\archive (1)\damaged-and-intact-packages\damaged\damagedfoodpackagingbox79.webp,1
C:\Users\Viraj Tambare\Downloads\Amit file\archive (1)\damaged-and-intact-packages\intact\packagingboxes258.webp,0
C:\Users\Viraj Tambare\Downloads\Amit file\archive (1)\damaged-and-intact-packages\damaged\packagingboxesthataredamaged82.jpeg,1
C:\Users\Viraj Tambare\Downloads\Amit file\archive (1)\damaged-and-intact-packages\intact\packagingboxes208.jpeg,0
C:\Users\Viraj Tambare\Downloads\Amit file\archive (1)\damaged-and-intact-packages\damaged\packagingboxeswithdamagesanddents33.jpeg,1
C:\Users\Viraj Tambare\Downloads\Amit file\archive (1)\damaged-and-intact-packages\intact\medicinepackagingboxes90.jpeg,0
C:\Users\Viraj Tambare\Downloads\Amit file\archive (1)\damaged-and-intact-packages\intact\medicinepackagingboxes263.jpeg,0
C:\Users\Viraj Tambare\Downloads\Amit file\archive (1)\damaged-and-intact-packages\damaged\damagedfoodpackagingbox24.jpeg,1
C:\Users\Viraj Tambare\Downloads\Amit file\archive (1)\damaged-and-intact-packages\damaged\packagingboxesthataredamaged230.jpeg,1
C:\Users\Viraj Tambare\Downloads\Amit file\archive (1)\damaged-and-intact-packages\damaged\packagingboxeswithdamagesanddents30.jpeg,1
C:\Users\Viraj Tambare\Downloads\Amit file\archive (1)\damaged-and-intact-packages\intact\packagingboxes49.webp,0
C:\Users\Viraj Tambare\Downloads\Amit file\archive (1)\damaged-and-intact-packages\intact\packagingboxes146.webp,0
C:\Users\Viraj Tambare\Downloads\Amit file\archive (1)\damaged-and-intact-packages\damaged\damagedfoodpackagingbox239.png,1
C:\Users\Viraj Tambare\Downloads\Amit file\archive (1)\damaged-and-intact-packages\intact\medicinepackagingboxes73.jpeg,0
C:\Users\Viraj Tambare\Downloads\Amit file\archive (1)\damaged-and-intact-packages\intact\packagingboxes275.jpeg,0
C:\Users\Viraj Tambare\Downloads\Amit file\archive (1)\damaged-and-intact-packages\intact\medicinepackagingboxes271.jpeg,0
C:\Users\Viraj Tambare\Downloads\Amit file\archive (1)\damaged-and-intact-packages\damaged\packagingboxesthataredamaged90.webp,1
C:\Users\Viraj Tambare\Downloads\Amit file\archive (1)\damaged-and-intact-packages\intact\medicinepackagingboxes192.jpeg,0
C:\Users\Viraj Tambare\Downloads\Amit file\archive (1)\damaged-and-intact-packages\damaged\packagingboxesthataredamaged95.jpeg,1
C:\Users\Viraj Tambare\Downloads\Amit file\archive (1)\damaged-and-intact-packages\damaged\packagingboxesthataredamaged189.jpeg,1
C:\Users\Viraj Tambare\Downloads\Amit file\archive (1)\damaged-and-intact-packages\damaged\damagedfoodpackagingbox11.jpeg,1
C:\Users\Viraj Tambare\Downloads\Amit file\archive (1)\damaged-and-intact-packages\damaged\packagingboxesthataredamaged21.jpeg,1
C:\Users\Viraj Tambare\Downloads\Amit file\archive (1)\damaged-and-intact-packages\intact\packagingboxes285.jpeg,0
C:\Users\Viraj Tambare\Downloads\Amit file\archive (1)\damaged-and-intact-packages\intact\medicinepackagingboxes216.jpeg,0
C:\Users\Viraj Tambare\Downloads\Amit file\archive (1)\damaged-and-intact-packages\damaged\packagingboxeswithdamagesanddents2.jpeg,1
C:\Users\Viraj Tambare\Downloads\Amit file\archive (1)\damaged-and-intact-packages\intact\fooditemboxes85.jpeg,0
C:\Users\Viraj Tambare\Downloads\Amit file\archive (1)\damaged-and-intact-packages\intact\packagingboxes187.jpeg,0
C:\Users\Viraj Tambare\Downloads\Amit file\archive (1)\damaged-and-intact-packages\damaged\packagingboxesthataredamaged37.jpeg,1
C:\Users\Viraj Tambare\Downloads\Amit file\archive (1)\damaged-and-intact-packages\intact\packagingboxes259.webp,0
C:\Users\Viraj Tambare\Downloads\Amit file\archive (1)\damaged-and-intact-packages\intact\medicinepackagingboxes222.jpeg,0
C:\Users\Viraj Tambare\Downloads\Amit file\archive (1)\damaged-and-intact-packages\damaged\packagingboxesthataredamaged297.jpeg,1
C:\Users\Viraj Tambare\Downloads\Amit file\archive (1)\damaged-and-intact-packages\intact\medicinepackagingboxes218.jpeg,0
C:\Users\Viraj Tambare\Downloads\Amit file\archive (1)\damaged-and-intact-packages\damaged\damagedfoodpackagingbox200.jpeg,1
C:\Users\Viraj Tambare\Downloads\Amit file\archive (1)\damaged-and-intact-packages\damaged\packagingboxesthataredamaged30.jpeg,1
C:\Users\Viraj Tambare\Downloads\Amit file\archive (1)\damaged-and-intact-packages\intact\packagingboxes88.jpeg,0
C:\Users\Viraj Tambare\Downloads\Amit file\archive (1)\damaged-and-intact-packages\intact\medicinepackagingboxes113.jpeg,0
C:\Users\Viraj Tambare\Downloads\Amit file\archive (1)\damaged-and-intact-packages\intact\fooditemboxes122.jpeg,0
C:\Users\Viraj Tambare\Downloads\Amit file\archive (1)\damaged-and-intact-packages\damaged\packagingboxeswithdamagesanddents14.jpeg,1
C:\Users\Viraj Tambare\Downloads\Amit file\archive (1)\damaged-and-intact-packages\intact\medicinepackagingboxes149.jpeg,0
C:\Users\Viraj Tambare\Downloads\Amit file\archive (1)\damaged-and-intact-packages\damaged\packagingboxesthataredamaged78.jpeg,1
C:\Users\Viraj Tambare\Downloads\Amit file\archive (1)\damaged-and-intact-packages\damaged\damagedfoodpackagingbox148.jpeg,1
C:\Users\Viraj Tambare\Downloads\Amit file\archive (1)\damaged-and-intact-packages\damaged\damagedfoodpackagingbox218.webp,1
C:\Users\Viraj Tambare\Downloads\Amit file\archive (1)\damaged-and-intact-packages\damaged\damagedfoodpackagingbox30.jpeg,1
C:\Users\Viraj Tambare\Downloads\Amit file\archive (1)\damaged-and-intact-packages\intact\packagingboxes36.jpeg,0
C:\Users\Viraj Tambare\Downloads\Amit file\archive (1)\damaged-and-intact-packages\damaged\damagedfoodpackagingbox115.jpeg,1
C:\Users\Viraj Tambare\Downloads\Amit file\archive (1)\damaged-and-intact-packages\intact\packagingboxes22.jpeg,0
C:\Users\Viraj Tambare\Downloads\Amit file\archive (1)\damaged-and-intact-packages\damaged\packagingboxesthataredamaged108.jpeg,1
C:\Users\Viraj Tambare\Downloads\Amit file\archive (1)\damaged-and-intact-packages\damaged\packagingboxesthataredamaged50.jpeg,1
C:\Users\Viraj Tambare\Downloads\Amit file\archive (1)\damaged-and-intact-packages\intact\packagingboxes201.jpeg,0
C:\Users\Viraj Tambare\Downloads\Amit file\archive (1)\damaged-and-intact-packages\intact\medicinepackagingboxes177.jpeg,0
C:\Users\Viraj Tambare\Downloads\Amit file\archive (1)\damaged-and-intact-packages\damaged\packagingboxesthataredamaged22.jpeg,1
C:\Users\Viraj Tambare\Downloads\Amit file\archive (1)\damaged-and-intact-packages\intact\fooditemboxes119.webp,0
C:\Users\Viraj Tambare\Downloads\Amit file\archive (1)\damaged-and-intact-packages\damaged\damagedfoodpackagingbox98.jpeg,1
C:\Users\Viraj Tambare\Downloads\Amit file\archive (1)\damaged-and-intact-packages\intact\medicinepackagingboxes208.jpeg,0
C:\Users\Viraj Tambare\Downloads\Amit file\archive (1)\damaged-and-intact-packages\intact\fooditemboxes231.jpeg,0
C:\Users\Viraj Tambare\Downloads\Amit file\archive (1)\damaged-and-intact-packages\damaged\packagingboxesthataredamaged137.png,1
C:\Users\Viraj Tambare\Downloads\Amit file\archive (1)\damaged-and-intact-packages\damaged\damagedfoodpackagingbox162.webp,1
C:\Users\Viraj Tambare\Downloads\Amit file\archive (1)\damaged-and-intact-packages\intact\medicinepackagingboxes52.jpeg,0
C:\Users\Viraj Tambare\Downloads\Amit file\archive (1)\damaged-and-intact-packages\intact\medicinepackagingboxes245.jpeg,0
C:\Users\Viraj Tambare\Downloads\Amit file\archive (1)\damaged-and-intact-packages\damaged\packagingboxesthataredamaged156.jpeg,1
C:\Users\Viraj Tambare\Downloads\Amit file\archive (1)\damaged-and-intact-packages\intact\packagingboxes106.jpeg,0
C:\Users\Viraj Tambare\Downloads\Amit file\archive (1)\damaged-and-intact-packages\intact\medicinepackagingboxes85.jpeg,0
C:\Users\Viraj Tambare\Downloads\Amit file\archive (1)\damaged-and-intact-packages\intact\medicinepackagingboxes44.jpeg,0
C:\Users\Viraj Tambare\Downloads\Amit file\archive (1)\damaged-and-intact-packages\damaged\packagingboxeswithdamagesanddents6.jpeg,1
C:\Users\Viraj Tambare\Downloads\Amit file\archive (1)\damaged-and-intact-packages\intact\fooditemboxes3.jpeg,0
C:\Users\Viraj Tambare\Downloads\Amit file\archive (1)\damaged-and-intact-packages\damaged\packagingboxesthataredamaged46.jpeg,1
C:\Users\Viraj Tambare\Downloads\Amit file\archive (1)\damaged-and-intact-packages\damaged\damagedfoodpackagingbox126.jpeg,1
C:\Users\Viraj Tambare\Downloads\Amit file\archive (1)\damaged-and-intact-packages\damaged\damagedfoodpackagingbox221.jpeg,1
C:\Users\Viraj Tambare\Downloads\Amit file\archive (1)\damaged-and-intact-packages\damaged\packagingboxesthataredamaged216.jpeg,1
C:\Users\Viraj Tambare\Downloads\Amit file\archive (1)\damaged-and-intact-packages\intact\medicinepackagingboxes8.jpeg,0
C:\Users\Viraj Tambare\Downloads\Amit file\archive (1)\damaged-and-intact-packages\damaged\packagingboxeswithdamagesanddents56.jpeg,1
C:\Users\Viraj Tambare\Downloads\Amit file\archive (1)\damaged-and-intact-packages\intact\packagingboxes178.jpeg,0
C:\Users\Viraj Tambare\Downloads\Amit file\archive (1)\damaged-and-intact-packages\intact\medicinepackagingboxes269.jpeg,0
C:\Users\Viraj Tambare\Downloads\Amit file\archive (1)\damaged-and-intact-packages\intact\medicinepackagingboxes133.jpeg,0
C:\Users\Viraj Tambare\Downloads\Amit file\archive (1)\damaged-and-intact-packages\intact\medicinepackagingboxes169.webp,0
C:\Users\Viraj Tambare\Downloads\Amit file\archive (1)\damaged-and-intact-packages\damaged\damagedfoodpackagingbox58.jpeg,1
C:\Users\Viraj Tambare\Downloads\Amit file\archive (1)\damaged-and-intact-packages\damaged\packagingboxeswithdamagesanddents70.jpeg,1
C:\Users\Viraj Tambare\Downloads\Amit file\archive (1)\damaged-and-intact-packages\damaged\packagingboxesthataredamaged40.jpeg,1
C:\Users\Viraj Tambare\Downloads\Amit file\archive (1)\damaged-and-intact-packages\damaged\packagingboxeswithdamagesanddents5.jpeg,1
C:\Users\Viraj Tambare\Downloads\Amit file\archive (1)\damaged-and-intact-packages\intact\packagingboxes205.jpeg,0
C:\Users\Viraj Tambare\Downloads\Amit file\archive (1)\damaged-and-intact-packages\intact\packagingboxes65.jpeg,0
C:\Users\Viraj Tambare\Downloads\Amit file\archive (1)\damaged-and-intact-packages\intact\fooditemboxes11.jpeg,0
C:\Users\Viraj Tambare\Downloads\Amit file\archive (1)\damaged-and-intact-packages\damaged\packagingboxesthataredamaged18.jpeg,1
C:\Users\Viraj Tambare\Downloads\Amit file\archive (1)\damaged-and-intact-packages\damaged\packagingboxesthataredamaged35.jpeg,1
C:\Users\Viraj Tambare\Downloads\Amit file\archive (1)\damaged-and-intact-packages\damaged\packagingboxeswithdamagesanddents35.jpeg,1
C:\Users\Viraj Tambare\Downloads\Amit file\archive (1)\damaged-and-intact-packages\intact\medicinepackagingboxes262.jpeg,0
C:\Users\Viraj Tambare\Downloads\Amit file\archive (1)\damaged-and-intact-packages\damaged\packagingboxesthataredamaged58.jpeg,1
C:\Users\Viraj Tambare\Downloads\Amit file\archive (1)\damaged-and-intact-packages\damaged\packagingboxeswithdamagesanddents23.jpeg,1
C:\Users\Viraj Tambare\Downloads\Amit file\archive (1)\damaged-and-intact-packages\damaged\packagingboxesthataredamaged158.jpeg,1
C:\Users\Viraj Tambare\Downloads\Amit file\archive (1)\damaged-and-intact-packages\intact\medicinepackagingboxes250.jpeg,0
C:\Users\Viraj Tambare\Downloads\Amit file\archive (1)\damaged-and-intact-packages\intact\medicinepackagingboxes220.jpeg,0
C:\Users\Viraj Tambare\Downloads\Amit file\archive (1)\damaged-and-intact-packages\intact\fooditemboxes253.jpeg,0
C:\Users\Viraj Tambare\Downloads\Amit file\archive (1)\damaged-and-intact-packages\intact\fooditemboxes52.jpeg,0
C:\Users\Viraj Tambare\Downloads\Amit file\archive (1)\damaged-and-intact-packages\damaged\packagingboxesthataredamaged277.jpeg,1
C:\Users\Viraj Tambare\Downloads\Amit file\archive (1)\damaged-and-intact-packages\intact\fooditemboxes36.webp,0
C:\Users\Viraj Tambare\Downloads\Amit file\archive (1)\damaged-and-intact-packages\intact\packagingboxes272.jpeg,0
C:\Users\Viraj Tambare\Downloads\Amit file\archive (1)\damaged-and-intact-packages\damaged\damagedfoodpackagingbox122.jpeg,1
C:\Users\Viraj Tambare\Downloads\Amit file\archive (1)\damaged-and-intact-packages\damaged\damagedfoodpackagingbox150.jpeg,1
C:\Users\Viraj Tambare\Downloads\Amit file\archive (1)\damaged-and-intact-packages\intact\fooditemboxes288.webp,0
C:\Users\Viraj Tambare\Downloads\Amit file\archive (1)\damaged-and-intact-packages\damaged\packagingboxesthataredamaged232.jpeg,1
C:\Users\Viraj Tambare\Downloads\Amit file\archive (1)\damaged-and-intact-packages\intact\packagingboxes111.jpeg,0
C:\Users\Viraj Tambare\Downloads\Amit file\archive (1)\damaged-and-intact-packages\intact\fooditemboxes34.jpeg,0
C:\Users\Viraj Tambare\Downloads\Amit file\archive (1)\damaged-and-intact-packages\damaged\packagingboxesthataredamaged10.jpeg,1
C:\Users\Viraj Tambare\Downloads\Amit file\archive (1)\damaged-and-intact-packages\intact\medicinepackagingboxes115.jpeg,0
C:\Users\Viraj Tambare\Downloads\Amit file\archive (1)\damaged-and-intact-packages\intact\medicinepackagingboxes248.jpeg,0
C:\Users\Viraj Tambare\Downloads\Amit file\archive (1)\damaged-and-intact-packages\intact\medicinepackagingboxes72.jpeg,0
C:\Users\Viraj Tambare\Downloads\Amit file\archive (1)\damaged-and-intact-packages\intact\fooditemboxes169.webp,0
C:\Users\Viraj Tambare\Downloads\Amit file\archive (1)\damaged-and-intact-packages\intact\medicinepackagingboxes83.webp,0
C:\Users\Viraj Tambare\Downloads\Amit file\archive (1)\damaged-and-intact-packages\intact\fooditemboxes24.jpeg,0
C:\Users\Viraj Tambare\Downloads\Amit file\archive (1)\damaged-and-intact-packages\damaged\damagedfoodpackagingbox42.jpeg,1
C:\Users\Viraj Tambare\Downloads\Amit file\archive (1)\damaged-and-intact-packages\damaged\packagingboxesthataredamaged187.jpeg,1
C:\Users\Viraj Tambare\Downloads\Amit file\archive (1)\damaged-and-intact-packages\damaged\packagingboxesthataredamaged215.jpeg,1
C:\Users\Viraj Tambare\Downloads\Amit file\archive (1)\damaged-and-intact-packages\damaged\damagedfoodpackagingbox233.jpeg,1
C:\Users\Viraj Tambare\Downloads\Amit file\archive (1)\damaged-and-intact-packages\intact\fooditemboxes165.jpeg,0
C:\Users\Viraj Tambare\Downloads\Amit file\archive (1)\damaged-and-intact-packages\intact\fooditemboxes125.jpeg,0
C:\Users\Viraj Tambare\Downloads\Amit file\archive (1)\damaged-and-intact-packages\intact\packagingboxes223.png,0
C:\Users\Viraj Tambare\Downloads\Amit file\archive (1)\damaged-and-intact-packages\damaged\packagingboxesthataredamaged250.jpeg,1
C:\Users\Viraj Tambare\Downloads\Amit file\archive (1)\damaged-and-intact-packages\intact\medicinepackagingboxes196.jpeg,0
C:\Users\Viraj Tambare\Downloads\Amit file\archive (1)\damaged-and-intact-packages\intact\fooditemboxes53.jpeg,0
C:\Users\Viraj Tambare\Downloads\Amit file\archive (1)\damaged-and-intact-packages\damaged\packagingboxesthataredamaged171.jpeg,1
C:\Users\Viraj Tambare\Downloads\Amit file\archive (1)\damaged-and-intact-packages\intact\fooditemboxes163.jpeg,0
C:\Users\Viraj Tambare\Downloads\Amit file\archive (1)\damaged-and-intact-packages\intact\medicinepackagingboxes175.jpeg,0
C:\Users\Viraj Tambare\Downloads\Amit file\archive (1)\damaged-and-intact-packages\intact\medicinepackagingboxes57.jpeg,0
C:\Users\Viraj Tambare\Downloads\Amit file\archive (1)\damaged-and-intact-packages\damaged\packagingboxesthataredamaged223.jpeg,1
C:\Users\Viraj Tambare\Downloads\Amit file\archive (1)\damaged-and-intact-packages\damaged\packagingboxesthataredamaged42.png,1
C:\Users\Viraj Tambare\Downloads\Amit file\archive (1)\damaged-and-intact-packages\damaged\packagingboxesthataredamaged241.jpeg,1
C:\Users\Viraj Tambare\Downloads\Amit file\archive (1)\damaged-and-intact-packages\damaged\packagingboxesthataredamaged76.jpeg,1
C:\Users\Viraj Tambare\Downloads\Amit file\archive (1)\damaged-and-intact-packages\damaged\packagingboxesthataredamaged45.jpeg,1
C:\Users\Viraj Tambare\Downloads\Amit file\archive (1)\damaged-and-intact-packages\intact\packagingboxes20.jpeg,0
C:\Users\Viraj Tambare\Downloads\Amit file\archive (1)\damaged-and-intact-packages\damaged\packagingboxeswithdamagesanddents71.jpeg,1
C:\Users\Viraj Tambare\Downloads\Amit file\archive (1)\damaged-and-intact-packages\damaged\damagedfoodpackagingbox116.jpeg,1
C:\Users\Viraj Tambare\Downloads\Amit file\archive (1)\damaged-and-intact-packages\damaged\damagedfoodpackagingbox154.jpeg,1
C:\Users\Viraj Tambare\Downloads\Amit file\archive (1)\damaged-and-intact-packages\damaged\packagingboxesthataredamaged280.jpeg,1
C:\Users\Viraj Tambare\Downloads\Amit file\archive (1)\damaged-and-intact-packages\damaged\packagingboxesthataredamaged63.jpeg,1
C:\Users\Viraj Tambare\Downloads\Amit file\archive (1)\damaged-and-intact-packages\intact\packagingboxes28.png,0
C:\Users\Viraj Tambare\Downloads\Amit file\archive (1)\damaged-and-intact-packages\damaged\damagedfoodpackagingbox14.jpeg,1
C:\Users\Viraj Tambare\Downloads\Amit file\archive (1)\damaged-and-intact-packages\damaged\damagedfoodpackagingbox3.jpeg,1
C:\Users\Viraj Tambare\Downloads\Amit file\archive (1)\damaged-and-intact-packages\damaged\packagingboxesthataredamaged168.jpeg,1
C:\Users\Viraj Tambare\Downloads\Amit file\archive (1)\damaged-and-intact-packages\damaged\damagedfoodpackagingbox0.jpeg,1
C:\Users\Viraj Tambare\Downloads\Amit file\archive (1)\damaged-and-intact-packages\damaged\packagingboxesthataredamaged198.jpeg,1
C:\Users\Viraj Tambare\Downloads\Amit file\archive (1)\damaged-and-intact-packages\intact\packagingboxes268.jpeg,0
C:\Users\Viraj Tambare\Downloads\Amit file\archive (1)\damaged-and-intact-packages\intact\packagingboxes75.jpeg,0
C:\Users\Viraj Tambare\Downloads\Amit file\archive (1)\damaged-and-intact-packages\intact\medicinepackagingboxes25.jpeg,0
C:\Users\Viraj Tambare\Downloads\Amit file\archive (1)\damaged-and-intact-packages\intact\medicinepackagingboxes239.png,0
C:\Users\Viraj Tambare\Downloads\Amit file\archive (1)\damaged-and-intact-packages\damaged\packagingboxeswithdamagesanddents48.jpeg,1
C:\Users\Viraj Tambare\Downloads\Amit file\archive (1)\damaged-and-intact-packages\intact\medicinepackagingboxes35.jpeg,0
C:\Users\Viraj Tambare\Downloads\Amit file\archive (1)\damaged-and-intact-packages\damaged\damagedfoodpackagingbox40.jpeg,1
C:\Users\Viraj Tambare\Downloads\Amit file\archive (1)\damaged-and-intact-packages\intact\fooditemboxes55.jpeg,0
C:\Users\Viraj Tambare\Downloads\Amit file\archive (1)\damaged-and-intact-packages\damaged\packagingboxesthataredamaged59.jpeg,1
C:\Users\Viraj Tambare\Downloads\Amit file\archive (1)\damaged-and-intact-packages\damaged\damagedfoodpackagingbox74.webp,1
C:\Users\Viraj Tambare\Downloads\Amit file\archive (1)\damaged-and-intact-packages\damaged\packagingboxesthataredamaged268.jpeg,1
C:\Users\Viraj Tambare\Downloads\Amit file\archive (1)\damaged-and-intact-packages\damaged\packagingboxesthataredamaged85.jpeg,1
C:\Users\Viraj Tambare\Downloads\Amit file\archive (1)\damaged-and-intact-packages\damaged\damagedfoodpackagingbox180.jpeg,1
C:\Users\Viraj Tambare\Downloads\Amit file\archive (1)\damaged-and-intact-packages\intact\fooditemboxes105.webp,0
C:\Users\Viraj Tambare\Downloads\Amit file\archive (1)\damaged-and-intact-packages\intact\medicinepackagingboxes277.webp,0
C:\Users\Viraj Tambare\Downloads\Amit file\archive (1)\damaged-and-intact-packages\intact\packagingboxes171.jpeg,0
C:\Users\Viraj Tambare\Downloads\Amit file\archive (1)\damaged-and-intact-packages\damaged\packagingboxesthataredamaged66.jpeg,1
C:\Users\Viraj Tambare\Downloads\Amit file\archive (1)\damaged-and-intact-packages\intact\medicinepackagingboxes268.jpeg,0
C:\Users\Viraj Tambare\Downloads\Amit file\archive (1)\damaged-and-intact-packages\intact\packagingboxes31.webp,0
C:\Users\Viraj Tambare\Downloads\Amit file\archive (1)\damaged-and-intact-packages\damaged\packagingboxesthataredamaged266.jpeg,1
C:\Users\Viraj Tambare\Downloads\Amit file\archive (1)\damaged-and-intact-packages\damaged\packagingboxesthataredamaged14.webp,1
C:\Users\Viraj Tambare\Downloads\Amit file\archive (1)\damaged-and-intact-packages\intact\medicinepackagingboxes86.jpeg,0
C:\Users\Viraj Tambare\Downloads\Amit file\archive (1)\damaged-and-intact-packages\intact\medicinepackagingboxes80.jpeg,0
C:\Users\Viraj Tambare\Downloads\Amit file\archive (1)\damaged-and-intact-packages\damaged\damagedfoodpackagingbox149.png,1
C:\Users\Viraj Tambare\Downloads\Amit file\archive (1)\damaged-and-intact-packages\intact\fooditemboxes61.jpeg,0
C:\Users\Viraj Tambare\Downloads\Amit file\archive (1)\damaged-and-intact-packages\damaged\damagedfoodpackagingbox168.jpeg,1
C:\Users\Viraj Tambare\Downloads\Amit file\archive (1)\damaged-and-intact-packages\intact\fooditemboxes152.jpeg,0
C:\Users\Viraj Tambare\Downloads\Amit file\archive (1)\damaged-and-intact-packages\intact\fooditemboxes59.jpeg,0
C:\Users\Viraj Tambare\Downloads\Amit file\archive (1)\damaged-and-intact-packages\damaged\packagingboxesthataredamaged237.jpeg,1
C:\Users\Viraj Tambare\Downloads\Amit file\archive (1)\damaged-and-intact-packages\intact\medicinepackagingboxes246.jpeg,0
C:\Users\Viraj Tambare\Downloads\Amit file\archive (1)\damaged-and-intact-packages\intact\packagingboxes66.jpeg,0
C:\Users\Viraj Tambare\Downloads\Amit file\archive (1)\damaged-and-intact-packages\intact\medicinepackagingboxes161.jpeg,0
C:\Users\Viraj Tambare\Downloads\Amit file\archive (1)\damaged-and-intact-packages\intact\medicinepackagingboxes288.jpeg,0
C:\Users\Viraj Tambare\Downloads\Amit file\archive (1)\damaged-and-intact-packages\damaged\packagingboxesthataredamaged6.jpeg,1
C:\Users\Viraj Tambare\Downloads\Amit file\archive (1)\damaged-and-intact-packages\intact\medicinepackagingboxes100.jpeg,0
C:\Users\Viraj Tambare\Downloads\Amit file\archive (1)\damaged-and-intact-packages\intact\medicinepackagingboxes170.webp,0
C:\Users\Viraj Tambare\Downloads\Amit file\archive (1)\damaged-and-intact-packages\damaged\packagingboxesthataredamaged84.jpeg,1
C:\Users\Viraj Tambare\Downloads\Amit file\archive (1)\damaged-and-intact-packages\damaged\damagedfoodpackagingbox202.jpeg,1
C:\Users\Viraj Tambare\Downloads\Amit file\archive (1)\damaged-and-intact-packages\intact\packagingboxes213.jpeg,0
C:\Users\Viraj Tambare\Downloads\Amit file\archive (1)\damaged-and-intact-packages\damaged\packagingboxesthataredamaged57.jpeg,1
C:\Users\Viraj Tambare\Downloads\Amit file\archive (1)\damaged-and-intact-packages\intact\packagingboxes63.jpeg,0
C:\Users\Viraj Tambare\Downloads\Amit file\archive (1)\damaged-and-intact-packages\damaged\packagingboxesthataredamaged214.jpeg,1
C:\Users\Viraj Tambare\Downloads\Amit file\archive (1)\damaged-and-intact-packages\intact\medicinepackagingboxes64.jpeg,0
C:\Users\Viraj Tambare\Downloads\Amit file\archive (1)\damaged-and-intact-packages\intact\packagingboxes115.jpeg,0
C:\Users\Viraj Tambare\Downloads\Amit file\archive (1)\damaged-and-intact-packages\intact\medicinepackagingboxes67.jpeg,0
C:\Users\Viraj Tambare\Downloads\Amit file\archive (1)\damaged-and-intact-packages\intact\fooditemboxes233.jpeg,0
C:\Users\Viraj Tambare\Downloads\Amit file\archive (1)\damaged-and-intact-packages\intact\packagingboxes281.jpeg,0
C:\Users\Viraj Tambare\Downloads\Amit file\archive (1)\damaged-and-intact-packages\intact\medicinepackagingboxes108.jpeg,0
C:\Users\Viraj Tambare\Downloads\Amit file\archive (1)\damaged-and-intact-packages\damaged\damagedfoodpackagingbox6.jpeg,1
C:\Users\Viraj Tambare\Downloads\Amit file\archive (1)\damaged-and-intact-packages\damaged\packagingboxesthataredamaged11.jpeg,1
C:\Users\Viraj Tambare\Downloads\Amit file\archive (1)\damaged-and-intact-packages\intact\medicinepackagingboxes197.png,0
C:\Users\Viraj Tambare\Downloads\Amit file\archive (1)\damaged-and-intact-packages\intact\packagingboxes161.png,0
C:\Users\Viraj Tambare\Downloads\Amit file\archive (1)\damaged-and-intact-packages\damaged\packagingboxesthataredamaged179.jpeg,1
C:\Users\Viraj Tambare\Downloads\Amit file\archive (1)\damaged-and-intact-packages\intact\medicinepackagingboxes121.jpeg,0
C:\Users\Viraj Tambare\Downloads\Amit file\archive (1)\damaged-and-intact-packages\intact\fooditemboxes223.jpeg,0
C:\Users\Viraj Tambare\Downloads\Amit file\archive (1)\damaged-and-intact-packages\intact\fooditemboxes115.jpeg,0
C:\Users\Viraj Tambare\Downloads\Amit file\archive (1)\damaged-and-intact-packages\intact\packagingboxes274.jpeg,0
C:\Users\Viraj Tambare\Downloads\Amit file\archive (1)\damaged-and-intact-packages\damaged\packagingboxesthataredamaged224.jpeg,1
C:\Users\Viraj Tambare\Downloads\Amit file\archive (1)\damaged-and-intact-packages\intact\packagingboxes81.jpeg,0
C:\Users\Viraj Tambare\Downloads\Amit file\archive (1)\damaged-and-intact-packages\damaged\packagingboxeswithdamagesanddents58.jpeg,1
C:\Users\Viraj Tambare\Downloads\Amit file\archive (1)\damaged-and-intact-packages\intact\fooditemboxes92.jpeg,0
C:\Users\Viraj Tambare\Downloads\Amit file\archive (1)\damaged-and-intact-packages\damaged\packagingboxesthataredamaged24.jpeg,1
C:\Users\Viraj Tambare\Downloads\Amit file\archive (1)\damaged-and-intact-packages\damaged\packagingboxesthataredamaged88.jpeg,1
C:\Users\Viraj Tambare\Downloads\Amit file\archive (1)\damaged-and-intact-packages\damaged\packagingboxeswithdamagesanddents17.jpeg,1
C:\Users\Viraj Tambare\Downloads\Amit file\archive (1)\damaged-and-intact-packages\intact\medicinepackagingboxes162.jpeg,0
C:\Users\Viraj Tambare\Downloads\Amit file\archive (1)\damaged-and-intact-packages\intact\medicinepackagingboxes279.jpeg,0
C:\Users\Viraj Tambare\Downloads\Amit file\archive (1)\damaged-and-intact-packages\damaged\damagedfoodpackagingbox88.jpeg,1
C:\Users\Viraj Tambare\Downloads\Amit file\archive (1)\damaged-and-intact-packages\intact\medicinepackagingboxes252.jpeg,0
C:\Users\Viraj Tambare\Downloads\Amit file\archive (1)\damaged-and-intact-packages\intact\packagingboxes204.jpeg,0
C:\Users\Viraj Tambare\Downloads\Amit file\archive (1)\damaged-and-intact-packages\intact\packagingboxes73.jpeg,0
C:\Users\Viraj Tambare\Downloads\Amit file\archive (1)\damaged-and-intact-packages\damaged\damagedfoodpackagingbox62.jpeg,1
C:\Users\Viraj Tambare\Downloads\Amit file\archive (1)\damaged-and-intact-packages\damaged\packagingboxesthataredamaged25.jpeg,1
C:\Users\Viraj Tambare\Downloads\Amit file\archive (1)\damaged-and-intact-packages\intact\fooditemboxes226.jpeg,0
C:\Users\Viraj Tambare\Downloads\Amit file\archive (1)\damaged-and-intact-packages\intact\medicinepackagingboxes22.jpeg,0
C:\Users\Viraj Tambare\Downloads\Amit file\archive (1)\damaged-and-intact-packages\intact\packagingboxes47.jpeg,0
C:\Users\Viraj Tambare\Downloads\Amit file\archive (1)\damaged-and-intact-packages\damaged\packagingboxesthataredamaged116.jpeg,1
C:\Users\Viraj Tambare\Downloads\Amit file\archive (1)\damaged-and-intact-packages\intact\fooditemboxes166.jpeg,0
C:\Users\Viraj Tambare\Downloads\Amit file\archive (1)\damaged-and-intact-packages\damaged\packagingboxesthataredamaged238.png,1
C:\Users\Viraj Tambare\Downloads\Amit file\archive (1)\damaged-and-intact-packages\damaged\packagingboxesthataredamaged131.jpeg,1
C:\Users\Viraj Tambare\Downloads\Amit file\archive (1)\damaged-and-intact-packages\intact\medicinepackagingboxes91.jpeg,0
C:\Users\Viraj Tambare\Downloads\Amit file\archive (1)\damaged-and-intact-packages\intact\medicinepackagingboxes167.jpeg,0
C:\Users\Viraj Tambare\Downloads\Amit file\archive (1)\damaged-and-intact-packages\intact\medicinepackagingboxes292.png,0
C:\Users\Viraj Tambare\Downloads\Amit file\archive (1)\damaged-and-intact-packages\intact\medicinepackagingboxes294.jpeg,0
C:\Users\Viraj Tambare\Downloads\Amit file\archive (1)\damaged-and-intact-packages\damaged\packagingboxesthataredamaged44.jpeg,1
C:\Users\Viraj Tambare\Downloads\Amit file\archive (1)\damaged-and-intact-packages\intact\medicinepackagingboxes71.jpeg,0
C:\Users\Viraj Tambare\Downloads\Amit file\archive (1)\damaged-and-intact-packages\damaged\packagingboxeswithdamagesanddents82.jpeg,1
C:\Users\Viraj Tambare\Downloads\Amit file\archive (1)\damaged-and-intact-packages\intact\fooditemboxes116.jpeg,0
C:\Users\Viraj Tambare\Downloads\Amit file\archive (1)\damaged-and-intact-packages\damaged\damagedfoodpackagingbox143.jpeg,1
C:\Users\Viraj Tambare\Downloads\Amit file\archive (1)\damaged-and-intact-packages\intact\packagingboxes37.jpeg,0
C:\Users\Viraj Tambare\Downloads\Amit file\archive (1)\damaged-and-intact-packages\intact\fooditemboxes95.jpeg,0
C:\Users\Viraj Tambare\Downloads\Amit file\archive (1)\damaged-and-intact-packages\intact\packagingboxes54.jpeg,0
C:\Users\Viraj Tambare\Downloads\Amit file\archive (1)\damaged-and-intact-packages\damaged\packagingboxesthataredamaged47.jpeg,1
C:\Users\Viraj Tambare\Downloads\Amit file\archive (1)\damaged-and-intact-packages\intact\medicinepackagingboxes296.jpeg,0
C:\Users\Viraj Tambare\Downloads\Amit file\archive (1)\damaged-and-intact-packages\intact\medicinepackagingboxes211.jpeg,0
C:\Users\Viraj Tambare\Downloads\Amit file\archive (1)\damaged-and-intact-packages\damaged\packagingboxeswithdamagesanddents0.jpeg,1
C:\Users\Viraj Tambare\Downloads\Amit file\archive (1)\damaged-and-intact-packages\intact\packagingboxes261.jpeg,0
C:\Users\Viraj Tambare\Downloads\Amit file\archive (1)\damaged-and-intact-packages\damaged\packagingboxesthataredamaged231.jpeg,1
C:\Users\Viraj Tambare\Downloads\Amit file\archive (1)\damaged-and-intact-packages\damaged\packagingboxeswithdamagesanddents1.jpeg,1
C:\Users\Viraj Tambare\Downloads\Amit file\archive (1)\damaged-and-intact-packages\intact\medicinepackagingboxes132.png,0
